timestamp,run_name,sim_tfidf_weight,sim_sem_weight,cat_boost,loc_boost,train_bonus,geo_weight,geo_scale_km,ngram_min,ngram_max,min_df,max_df,use_semantic,semantic_model,semantic_use_prefix,semantic_desc_chars,total_runtime_sec,val_protocol,val_recall_no_bonus,val_recall_with_bonus,val_hit_rate_with_bonus,val_bonus_coverage,val_bench_bonus_coverage,val_recall_est_bench_coverage,val_queries,val_corpus_size,val_recall_has_bonus_true,val_recall_has_bonus_true_no_bonus_signal,val_recall_has_bonus_false
2026-09-28 23:07:29,unnamed_run,0,1.0,1.0,1.0,0,0.5,75.0,3,5,2,0.9,True,rosberta-avito-finetuned,True,300,877.19,query_group_holdout_v2,0.851,0.851,0.8647,0.629,0.1468,0.8534,3000.0,192819.0,0.8492,0.8492,0.8541
2026-09-28 23:17:49,unnamed_run,0,1.0,1.0,1.0,0,0.5,75.0,3,5,2,0.9,True,rosberta-avito-finetuned,True,300,569.16,query_group_holdout_v2,0.8403,0.8403,0.8553,0.629,0.1468,0.8442,3000.0,192819.0,0.8373,0.8373,0.8454
2026-09-28 23:30:59,unnamed_run,0,1.0,0.5,0.3,0,0.5,75.0,3,5,2,0.9,True,rosberta-avito-finetuned,True,300,735.51,query_group_holdout_v2,0.7477,0.7477,0.7707,0.629,0.1468,0.7628,3000.0,192819.0,0.7361,0.7361,0.7674
2026-09-28 23:41:41,unnamed_run,0,1.0,1.0,0.5,0,0.5,75.0,3,5,2,0.9,True,rosberta-avito-finetuned,True,300,610.4,query_group_holdout_v2,0.7869,0.7869,0.8067,0.629,0.1468,0.7918,3000.0,192819.0,0.7832,0.7832,0.7933
2026-09-29 00:02:12,unnamed_run,0,1.0,1.0,0.5,0,0.5,75.0,3,5,2,0.9,True,rosberta-avito-finetuned,True,300,653.97,query_group_holdout_v2,0.7939,0.7939,0.8133,0.629,0.1468,0.8007,3000.0,192819.0,0.7888,0.7888,0.8027
2026-09-29 00:39:46,unnamed_run,0,1.0,1.0,0.5,0,0.5,75.0,3,5,2,0.9,True,rosberta-avito-finetuned,True,300,722.43,query_group_holdout_v2,0.7939,0.7939,0.8133,0.629,0.1468,0.8007,3000.0,192819.0,0.7888,0.7888,0.8027
2026-09-29 00:59:16,unnamed_run,0,0.5,0.5,0.5,10,0.5,75.0,3,5,2,0.9,True,rosberta-avito-finetuned,True,300,740.36,query_group_holdout_v2,0.9001,0.8438,0.8607,0.629,0.1468,0.8826,3000.0,192819.0,0.8139,0.9035,0.8944
2026-09-29 01:11:03,unnamed_run,0,0.5,0.5,0.5,0,0.5,75.0,3,5,2,0.9,True,rosberta-avito-finetuned,True,300,644.51,query_group_holdout_v2,0.9001,0.9001,0.91,0.629,0.1468,0.8957,3000.0,192819.0,0.9035,0.9035,0.8944
2026-09-29 01:22:31,unnamed_run,0,0.5,2,2,0,0.5,75.0,3,5,2,0.9,True,rosberta-avito-finetuned,True,300,670.72,query_group_holdout_v2,0.9267,0.9267,0.9333,0.629,0.1468,0.9142,3000.0,192819.0,0.9363,0.9363,0.9105
